{
  "prior": 0.7935836953,
  "learns": 0.04026912553,
  "guesses": 0.4984984104,
  "slips": 0.02714714783
}